{
  "barry": {
    "password": "deveqwert",
    "create_time": 1765446315.243238,
    "last_login_time": 1765448557.3425496,
    "online": false
  }
}