{
  "barry": {
    "password": "deveqwert",
    "create_time": 1765446315.243238,
    "last_login_time": 1765508092.270599,
    "online": false
  }
}