{
  "barry": {
    "password": "deveqwert",
    "create_time": 1765446315.243238,
    "last_login_time": 1765732380.8098357,
    "online": false
  },
  "trying": {
    "password": "nottocry",
    "create_time": 1765553553.3366542,
    "last_login_time": 1765688938.437133,
    "online": false
  }
}