{
  "barry": {
    "password": "qwert",
    "create_time": 1765036356.9944448,
    "last_login_time": 1765377387.2597942,
    "online": false
  },
  "kkk": {
    "password": "this",
    "create_time": 1765095445.8486693,
    "last_login_time": 1765358386.9470437,
    "online": false
  },
  "other": {
    "password": "that",
    "create_time": 1765289016.6092906,
    "last_login_time": 1765289028.8498607,
    "online": false
  },
  "good": {
    "password": "one",
    "create_time": 1765290087.6360426,
    "last_login_time": 1765290100.6840675,
    "online": false
  },
  "larry": {
    "password": "daddy",
    "create_time": 1765355349.1984158,
    "last_login_time": 1765355379.3914587,
    "online": false
  },
  "check": {
    "password": "confirm",
    "create_time": 1765356321.0011835,
    "last_login_time": 1765356328.6279771,
    "online": false
  },
  "final": {
    "password": "test",
    "create_time": 1765358754.3616178,
    "last_login_time": 1765358774.329924,
    "online": false
  },
  "inhe": {
    "password": "new",
    "create_time": 1765379180.9575932,
    "last_login_time": 1765379193.5066693,
    "online": false
  }
}