{
  "barry": {
    "password": "qwert",
    "create_time": 1765036356.9944448,
    "last_login_time": 1765095391.2604854
  },
  "kkk": {
    "password": "this",
    "create_time": 1765095445.8486693,
    "last_login_time": 1765095521.039592
  }
}